{
  "Dummy": {
    "accuracy": 0.7373333333333333,
    "roc_auc": 0.5
  },
  "LogisticRegression": {
    "accuracy": 0.8162222222222222,
    "roc_auc": 0.8008904412072182,
    "f1": 0.5717244950802693
  },
  "DecisionTree": {
    "accuracy": 0.826,
    "f1": 0.6244604316546762,
    "roc_auc": 0.829829780441809
  },
  "RandomForest": {
    "accuracy": 0.8893333333333333,
    "f1": 0.75199203187251,
    "roc_auc": 0.9266073175184528
  },
  "GradientBoosting": {
    "accuracy": 0.8957777777777778,
    "f1": 0.7784600850259802,
    "roc_auc": 0.9221076851996339
  },
  "Stacking": {
    "accuracy": 0.9064444444444445,
    "f1": 0.8101037437979252,
    "roc_auc": 0.9279989984385023
  }
}